<?xml version="1.0" encoding="UTF-8"?>
<project-private xmlns="http://www.netbeans.org/ns/project-private/1">
    <editor-bookmarks xmlns="http://www.netbeans.org/ns/editor-bookmarks/2" lastBookmarkId="0"/>
    <open-files xmlns="http://www.netbeans.org/ns/projectui-open-files/2">
        <group>
            <file>file:/D:/Documents/MPLABXProjects/ECE3301L/LAB13/Lab13v2.X/Setup_Heater_Temp.c</file>
            <file>file:/D:/Documents/MPLABXProjects/ECE3301L/LAB13/Lab13v2.X/Main.h</file>
            <file>file:/D:/Documents/MPLABXProjects/ECE3301L/LAB13/Lab13v2.X/I2C_Support.c</file>
            <file>file:/D:/Documents/MPLABXProjects/ECE3301L/LAB13/Lab13v2.X/Fan_Support.c</file>
            <file>file:/D:/Documents/MPLABXProjects/ECE3301L/LAB13/Lab13v2.X/Main_Screen.c</file>
            <file>file:/D:/Documents/MPLABXProjects/ECE3301L/LAB13/Lab13v2.X/Setup_Alarm_Time.c</file>
            <file>file:/D:/Documents/MPLABXProjects/ECE3301L/LAB13/Lab13v2.X/Interrupt.c</file>
            <file>file:/D:/Documents/MPLABXProjects/ECE3301L/LAB13/Lab13v2.X/Main.c</file>
            <file>file:/D:/Documents/MPLABXProjects/ECE3301L/LAB13/Lab13v2.X/Setup_Time.c</file>
            <file>file:/D:/Documents/MPLABXProjects/ECE3301L/LAB13/Lab13v2.X/utils.c</file>
            <file>file:/D:/Documents/MPLABXProjects/ECE3301L/LAB13/Lab13v2.X/Fan_Support.h</file>
        </group>
    </open-files>
</project-private>
